window_start,window_end,pred_intent,confidence,candidate_lock,candidate_unlock
0,128,IDLE,0.953784940152586,0,0
32,160,IDLE,0.9525497669406026,0,0
64,192,IDLE,0.9657392646273433,0,0
96,224,IDLE,0.9476812248127864,0,0
128,256,IDLE,0.9301024582826267,0,0
160,288,IDLE,0.950686508074916,0,0
192,320,IDLE,0.8796447140573737,0,0
224,352,IDLE,0.9670612669695162,0,0
256,384,IDLE,0.9710892984503607,0,0
288,416,IDLE,0.9526715883189691,0,0
320,448,IDLE,0.7961586935485097,0,0
352,480,IDLE,0.9466467343692144,0,0
384,512,IDLE,0.9735116271040042,0,0
416,544,IDLE,0.9604338439245007,0,0
448,576,IDLE,0.9677856159860717,0,0
480,608,IDLE,0.9678597719900704,0,0
512,640,IDLE,0.9612058008631147,0,0
544,672,IDLE,0.9139830863977071,0,0
576,704,IDLE,0.8728755692620673,0,0
608,736,IDLE,0.9630697571185941,0,0
640,768,IDLE,0.9492391811763927,0,0
672,800,IDLE,0.9579628673647329,0,0
704,832,IDLE,0.9551613229390654,0,0
736,864,IDLE,0.9526857295752131,0,0
768,896,IDLE,0.9645687372993909,0,0
800,928,IDLE,0.9504162833435167,0,0
832,960,IDLE,0.9216998348421592,0,0
864,992,IDLE,0.9067406075236155,0,0
896,1024,IDLE,0.9203866802185783,0,0
928,1056,IDLE,0.9707319829583876,0,0
960,1088,IDLE,0.9773709431026459,0,0
992,1120,IDLE,0.9773144677594846,0,0
1024,1152,IDLE,0.9771501881730338,0,0
1056,1184,IDLE,0.9761928695693104,0,0
1088,1216,IDLE,0.9788241459791049,0,0
1120,1248,IDLE,0.9673991935317258,0,0
1152,1280,IDLE,0.9216240725713478,0,0
1184,1312,IDLE,0.9687062615016304,0,0
1216,1344,IDLE,0.9784399969413776,0,0
1248,1376,IDLE,0.9778775261898589,0,0
1280,1408,IDLE,0.9778006956774364,0,0
1312,1440,IDLE,0.9717894039975334,0,0
1344,1472,IDLE,0.9482717095946807,0,0
1376,1504,IDLE,0.9349876915062543,0,0
1408,1536,IDLE,0.9429982553673588,0,0
1440,1568,IDLE,0.8198905049270341,0,0
1472,1600,IDLE,0.9544430372321221,0,0
1504,1632,IDLE,0.9743124936605095,0,0
1536,1664,IDLE,0.9772293073555429,0,0
1568,1696,IDLE,0.9773736207523788,0,0
1600,1728,IDLE,0.9689867537860914,0,0
1632,1760,IDLE,0.9768484926295115,0,0
1664,1792,IDLE,0.9676642097298871,0,0
1696,1824,IDLE,0.9752926672846017,0,0
1728,1856,IDLE,0.9758796576177179,0,0
1760,1888,IDLE,0.9243083909631524,0,0
1792,1920,IDLE,0.9449985731814085,0,0
1824,1952,IDLE,0.9757446875281813,0,0
1856,1984,IDLE,0.9756485459311948,0,0
1888,2016,IDLE,0.9746748014220629,0,0
1920,2048,IDLE,0.8996224281082561,0,0
1952,2080,IDLE,0.973279497479898,0,0
1984,2112,IDLE,0.9571633120750433,0,0
2016,2144,IDLE,0.9566622505968738,0,0
2048,2176,IDLE,0.9663841060272901,0,0
2080,2208,IDLE,0.9651147561535012,0,0
2112,2240,IDLE,0.9390697851462129,0,0
2144,2272,IDLE,0.9558490933570173,0,0
2176,2304,IDLE,0.9602241635965063,0,0
2208,2336,IDLE,0.9596445240378758,0,0
2240,2368,IDLE,0.9632137924380173,0,0
2272,2400,IDLE,0.9574939006407656,0,0
2304,2432,IDLE,0.9537176757963349,0,0
2336,2464,IDLE,0.957166837089337,0,0
2368,2496,IDLE,0.965355539285366,0,0
2400,2528,IDLE,0.9756193172911349,0,0
2432,2560,IDLE,0.8933186651972136,0,0
2464,2592,IDLE,0.838705427155259,0,0
2496,2624,IDLE,0.817621114585217,0,0
2528,2656,IDLE,0.9639680309147332,0,0
2560,2688,IDLE,0.9633830678530823,0,0
2592,2720,IDLE,0.9001498131949315,0,0
2624,2752,IDLE,0.714475120814033,0,0
2656,2784,IDLE,0.8750345668201639,0,0
2688,2816,IDLE,0.937381843428826,0,0
2720,2848,IDLE,0.9199158032295065,0,0
2752,2880,IDLE,0.967371735318077,0,0
2784,2912,IDLE,0.9135618571198941,0,0
2816,2944,IDLE,0.959975511706795,0,0
2848,2976,IDLE,0.7717368356180362,0,0
2880,3008,PREPARE_LOCK,0.9793222744312782,1,0
2912,3040,PREPARE_LOCK,0.9628598191853788,1,0
2944,3072,PREPARE_LOCK,0.9855063061343161,1,0
2976,3104,PREPARE_LOCK,0.9423589263501183,1,0
3008,3136,PREPARE_LOCK,0.9925676697163498,1,0
3040,3168,PREPARE_LOCK,0.9995014745849208,1,0
3072,3200,PREPARE_LOCK,0.9150556388391712,1,0
3104,3232,PREPARE_LOCK,0.8736757344372453,1,0
3136,3264,PREPARE_LOCK,0.8602797919517002,1,0
3168,3296,PREPARE_LOCK,0.8630036327366918,1,0
3200,3328,PREPARE_LOCK,0.8646615537806868,1,0
3232,3360,PREPARE_LOCK,0.870131886094107,1,0
3264,3392,PREPARE_LOCK,0.833415671381051,1,0
3296,3424,PREPARE_LOCK,0.9849015189347942,1,0
3328,3456,PREPARE_LOCK,0.9732548169239884,1,0
3360,3488,PREPARE_LOCK,0.9932439032259228,1,0
3392,3520,PREPARE_LOCK,0.981275306839823,1,0
3424,3552,PREPARE_LOCK,0.9299684325612363,1,0
3456,3584,PREPARE_LOCK,0.9109888542556706,1,0
3488,3616,PREPARE_LOCK,0.8898337338502712,1,0
3520,3648,PREPARE_LOCK,0.8941115925119625,1,0
3552,3680,PREPARE_LOCK,0.8321755077442106,1,0
3584,3712,PREPARE_LOCK,0.9021169523645998,1,0
3616,3744,PREPARE_LOCK,0.7355511285642438,1,0
3648,3776,PREPARE_LOCK,0.8789782681178021,1,0
3680,3808,PREPARE_LOCK,0.9781641165235093,1,0
3712,3840,PREPARE_LOCK,0.946684307354305,1,0
3744,3872,PREPARE_LOCK,0.8618161803281529,1,0
3776,3904,PREPARE_LOCK,0.7170474023993998,1,0
3808,3936,PREPARE_LOCK,0.7860479212657745,1,0
3840,3968,PREPARE_LOCK,0.6636269042578384,1,0
3872,4000,PREPARE_LOCK,0.7290198465533019,1,0
3904,4032,PREPARE_LOCK,0.9328076682719706,1,0
3936,4064,PREPARE_LOCK,0.9320152853787361,1,0
3968,4096,PREPARE_LOCK,0.9646870501028438,1,0
4000,4128,PREPARE_LOCK,0.9809681208548859,1,0
4032,4160,PREPARE_LOCK,0.9898726575387858,1,0
4064,4192,PREPARE_LOCK,0.996875,1,0
4096,4224,PREPARE_LOCK,1.0,1,0
4128,4256,PREPARE_LOCK,1.0,1,0
4160,4288,PREPARE_LOCK,0.997142029872484,1,0
4192,4320,PREPARE_LOCK,1.0,1,0
4224,4352,PREPARE_LOCK,0.996875,1,0
4256,4384,PREPARE_LOCK,1.0,1,0
4288,4416,PREPARE_LOCK,1.0,1,0
4320,4448,PREPARE_LOCK,1.0,1,0
4352,4480,PREPARE_LOCK,1.0,1,0
4384,4512,PREPARE_LOCK,1.0,1,0
4416,4544,PREPARE_LOCK,1.0,1,0
4448,4576,PREPARE_LOCK,1.0,1,0
4480,4608,PREPARE_LOCK,1.0,1,0
4512,4640,PREPARE_LOCK,1.0,1,0
4544,4672,PREPARE_LOCK,1.0,1,0
4576,4704,PREPARE_LOCK,1.0,1,0
4608,4736,PREPARE_LOCK,1.0,1,0
4640,4768,PREPARE_LOCK,1.0,1,0
4672,4800,PREPARE_LOCK,1.0,1,0
4704,4832,PREPARE_LOCK,1.0,1,0
4736,4864,PREPARE_LOCK,1.0,1,0
4768,4896,PREPARE_LOCK,1.0,1,0
4800,4928,PREPARE_LOCK,1.0,1,0
4832,4960,PREPARE_LOCK,0.996875,1,0
4864,4992,PREPARE_LOCK,0.9751231554205851,1,0
4896,5024,PREPARE_LOCK,0.9578064226800092,1,0
4928,5056,PREPARE_LOCK,0.9918777059794456,1,0
4960,5088,PREPARE_LOCK,0.996875,1,0
4992,5120,PREPARE_LOCK,1.0,1,0
5024,5152,PREPARE_LOCK,1.0,1,0
5056,5184,PREPARE_LOCK,1.0,1,0
5088,5216,PREPARE_LOCK,1.0,1,0
5120,5248,PREPARE_LOCK,1.0,1,0
5152,5280,PREPARE_LOCK,1.0,1,0
5184,5312,PREPARE_LOCK,1.0,1,0
5216,5344,PREPARE_LOCK,1.0,1,0
5248,5376,PREPARE_LOCK,1.0,1,0
5280,5408,PREPARE_LOCK,1.0,1,0
5312,5440,PREPARE_LOCK,1.0,1,0
5344,5472,PREPARE_LOCK,1.0,1,0
5376,5504,PREPARE_LOCK,1.0,1,0
5408,5536,PREPARE_LOCK,1.0,1,0
5440,5568,PREPARE_LOCK,1.0,1,0
5472,5600,PREPARE_LOCK,1.0,1,0
5504,5632,PREPARE_LOCK,1.0,1,0
5536,5664,PREPARE_LOCK,1.0,1,0
5568,5696,PREPARE_LOCK,1.0,1,0
5600,5728,PREPARE_LOCK,1.0,1,0
5632,5760,PREPARE_LOCK,1.0,1,0
5664,5792,PREPARE_LOCK,1.0,1,0
5696,5824,PREPARE_LOCK,1.0,1,0
5728,5856,PREPARE_LOCK,1.0,1,0
5760,5888,PREPARE_LOCK,1.0,1,0
5792,5920,PREPARE_LOCK,1.0,1,0
5824,5952,PREPARE_LOCK,1.0,1,0
5856,5984,PREPARE_LOCK,1.0,1,0
5888,6016,PREPARE_LOCK,1.0,1,0
5920,6048,PREPARE_LOCK,1.0,1,0
5952,6080,PREPARE_LOCK,1.0,1,0
5984,6112,PREPARE_LOCK,1.0,1,0
6016,6144,PREPARE_LOCK,1.0,1,0
6048,6176,PREPARE_LOCK,1.0,1,0
6080,6208,PREPARE_LOCK,1.0,1,0
6112,6240,PREPARE_LOCK,1.0,1,0
6144,6272,PREPARE_LOCK,1.0,1,0
6176,6304,PREPARE_LOCK,1.0,1,0
6208,6336,PREPARE_LOCK,1.0,1,0
6240,6368,PREPARE_LOCK,1.0,1,0
6272,6400,PREPARE_LOCK,1.0,1,0
6304,6432,PREPARE_LOCK,1.0,1,0
6336,6464,PREPARE_LOCK,1.0,1,0
6368,6496,PREPARE_LOCK,1.0,1,0
6400,6528,PREPARE_LOCK,1.0,1,0
6432,6560,PREPARE_LOCK,1.0,1,0
6464,6592,PREPARE_LOCK,1.0,1,0
6496,6624,PREPARE_LOCK,1.0,1,0
6528,6656,PREPARE_LOCK,1.0,1,0
6560,6688,PREPARE_LOCK,1.0,1,0
6592,6720,PREPARE_LOCK,1.0,1,0
6624,6752,PREPARE_LOCK,1.0,1,0
6656,6784,PREPARE_LOCK,1.0,1,0
6688,6816,PREPARE_LOCK,1.0,1,0
6720,6848,PREPARE_LOCK,1.0,1,0
6752,6880,PREPARE_LOCK,1.0,1,0
6784,6912,PREPARE_LOCK,1.0,1,0
6816,6944,PREPARE_LOCK,1.0,1,0
6848,6976,PREPARE_LOCK,1.0,1,0
6880,7008,PREPARE_LOCK,1.0,1,0
6912,7040,PREPARE_LOCK,1.0,1,0
6944,7072,PREPARE_LOCK,1.0,1,0
6976,7104,PREPARE_LOCK,1.0,1,0
7008,7136,PREPARE_LOCK,1.0,1,0
7040,7168,PREPARE_LOCK,1.0,1,0
7072,7200,PREPARE_LOCK,1.0,1,0
7104,7232,PREPARE_LOCK,1.0,1,0
7136,7264,PREPARE_LOCK,1.0,1,0
7168,7296,PREPARE_LOCK,1.0,1,0
7200,7328,PREPARE_LOCK,1.0,1,0
7232,7360,PREPARE_LOCK,1.0,1,0
7264,7392,PREPARE_LOCK,1.0,1,0
7296,7424,PREPARE_LOCK,1.0,1,0
7328,7456,PREPARE_LOCK,1.0,1,0
7360,7488,PREPARE_LOCK,1.0,1,0
7392,7520,PREPARE_LOCK,1.0,1,0
7424,7552,PREPARE_LOCK,1.0,1,0
7456,7584,PREPARE_LOCK,1.0,1,0
7488,7616,PREPARE_LOCK,1.0,1,0
7520,7648,PREPARE_LOCK,1.0,1,0
7552,7680,PREPARE_LOCK,1.0,1,0
7584,7712,PREPARE_LOCK,1.0,1,0
7616,7744,PREPARE_LOCK,1.0,1,0
7648,7776,PREPARE_LOCK,1.0,1,0
7680,7808,PREPARE_LOCK,1.0,1,0
7712,7840,PREPARE_LOCK,1.0,1,0
7744,7872,PREPARE_LOCK,1.0,1,0
7776,7904,PREPARE_LOCK,1.0,1,0
7808,7936,PREPARE_LOCK,1.0,1,0
7840,7968,PREPARE_LOCK,1.0,1,0
7872,8000,PREPARE_LOCK,1.0,1,0
7904,8032,PREPARE_LOCK,1.0,1,0
7936,8064,PREPARE_LOCK,1.0,1,0
7968,8096,PREPARE_LOCK,1.0,1,0
8000,8128,PREPARE_LOCK,1.0,1,0
8032,8160,PREPARE_LOCK,1.0,1,0
8064,8192,PREPARE_LOCK,1.0,1,0
8096,8224,PREPARE_LOCK,1.0,1,0
8128,8256,PREPARE_LOCK,0.996875,1,0
8160,8288,PREPARE_LOCK,1.0,1,0
8192,8320,PREPARE_LOCK,1.0,1,0
8224,8352,PREPARE_LOCK,1.0,1,0
8256,8384,PREPARE_LOCK,1.0,1,0
8288,8416,PREPARE_LOCK,1.0,1,0
8320,8448,PREPARE_LOCK,1.0,1,0
8352,8480,PREPARE_LOCK,1.0,1,0
8384,8512,PREPARE_LOCK,1.0,1,0
8416,8544,PREPARE_LOCK,1.0,1,0
8448,8576,PREPARE_LOCK,1.0,1,0
8480,8608,PREPARE_LOCK,1.0,1,0
8512,8640,PREPARE_LOCK,1.0,1,0
8544,8672,PREPARE_LOCK,1.0,1,0
8576,8704,PREPARE_LOCK,1.0,1,0
8608,8736,PREPARE_LOCK,1.0,1,0
8640,8768,PREPARE_LOCK,1.0,1,0
8672,8800,PREPARE_LOCK,1.0,1,0
8704,8832,PREPARE_LOCK,1.0,1,0
8736,8864,PREPARE_LOCK,1.0,1,0
8768,8896,PREPARE_LOCK,1.0,1,0
8800,8928,PREPARE_LOCK,1.0,1,0
8832,8960,PREPARE_LOCK,1.0,1,0
8864,8992,PREPARE_LOCK,1.0,1,0
8896,9024,PREPARE_LOCK,1.0,1,0
8928,9056,PREPARE_LOCK,1.0,1,0
8960,9088,PREPARE_LOCK,1.0,1,0
8992,9120,PREPARE_LOCK,1.0,1,0
9024,9152,PREPARE_LOCK,1.0,1,0
9056,9184,PREPARE_LOCK,1.0,1,0
9088,9216,PREPARE_LOCK,1.0,1,0
9120,9248,PREPARE_LOCK,1.0,1,0
9152,9280,PREPARE_LOCK,1.0,1,0
9184,9312,PREPARE_LOCK,1.0,1,0
9216,9344,PREPARE_LOCK,1.0,1,0
9248,9376,PREPARE_LOCK,1.0,1,0
9280,9408,PREPARE_LOCK,1.0,1,0
9312,9440,PREPARE_LOCK,1.0,1,0
9344,9472,PREPARE_LOCK,1.0,1,0
9376,9504,PREPARE_LOCK,1.0,1,0
9408,9536,PREPARE_LOCK,1.0,1,0
9440,9568,PREPARE_LOCK,1.0,1,0
9472,9600,PREPARE_LOCK,1.0,1,0
9504,9632,PREPARE_LOCK,1.0,1,0
9536,9664,PREPARE_LOCK,1.0,1,0
9568,9696,PREPARE_LOCK,1.0,1,0
9600,9728,PREPARE_LOCK,1.0,1,0
9632,9760,PREPARE_LOCK,1.0,1,0
9664,9792,PREPARE_LOCK,1.0,1,0
9696,9824,PREPARE_LOCK,1.0,1,0
9728,9856,PREPARE_LOCK,1.0,1,0
9760,9888,PREPARE_LOCK,1.0,1,0
9792,9920,PREPARE_LOCK,1.0,1,0
9824,9952,PREPARE_LOCK,1.0,1,0
9856,9984,PREPARE_LOCK,0.9888907296326451,1,0
9888,10016,PREPARE_LOCK,0.9831270051041396,1,0
9920,10048,PREPARE_LOCK,0.9581095804055849,1,0
9952,10080,PREPARE_LOCK,0.9868537322595106,1,0
9984,10112,PREPARE_LOCK,0.9967345024700514,1,0
10016,10144,PREPARE_LOCK,1.0,1,0
10048,10176,PREPARE_LOCK,1.0,1,0
10080,10208,PREPARE_LOCK,1.0,1,0
10112,10240,PREPARE_LOCK,1.0,1,0
10144,10272,PREPARE_LOCK,1.0,1,0
10176,10304,PREPARE_LOCK,1.0,1,0
10208,10336,PREPARE_LOCK,1.0,1,0
10240,10368,PREPARE_LOCK,1.0,1,0
10272,10400,PREPARE_LOCK,1.0,1,0
10304,10432,PREPARE_LOCK,1.0,1,0
10336,10464,PREPARE_LOCK,0.996875,1,0
10368,10496,PREPARE_LOCK,1.0,1,0
10400,10528,PREPARE_LOCK,1.0,1,0
10432,10560,PREPARE_LOCK,1.0,1,0
10464,10592,PREPARE_LOCK,1.0,1,0
10496,10624,PREPARE_LOCK,1.0,1,0
10528,10656,PREPARE_LOCK,1.0,1,0
10560,10688,PREPARE_LOCK,1.0,1,0
10592,10720,PREPARE_LOCK,1.0,1,0
10624,10752,PREPARE_LOCK,1.0,1,0
10656,10784,PREPARE_LOCK,1.0,1,0
10688,10816,PREPARE_LOCK,1.0,1,0
10720,10848,PREPARE_LOCK,1.0,1,0
10752,10880,PREPARE_LOCK,1.0,1,0
10784,10912,PREPARE_LOCK,1.0,1,0
10816,10944,PREPARE_LOCK,1.0,1,0
10848,10976,PREPARE_LOCK,1.0,1,0
10880,11008,PREPARE_LOCK,1.0,1,0
10912,11040,PREPARE_LOCK,1.0,1,0
10944,11072,PREPARE_LOCK,1.0,1,0
10976,11104,PREPARE_LOCK,1.0,1,0
11008,11136,PREPARE_LOCK,0.996875,1,0
11040,11168,PREPARE_LOCK,1.0,1,0
11072,11200,PREPARE_LOCK,1.0,1,0
11104,11232,PREPARE_LOCK,1.0,1,0
11136,11264,PREPARE_LOCK,1.0,1,0
11168,11296,PREPARE_LOCK,1.0,1,0
11200,11328,PREPARE_LOCK,1.0,1,0
11232,11360,PREPARE_LOCK,1.0,1,0
11264,11392,PREPARE_LOCK,1.0,1,0
11296,11424,PREPARE_LOCK,1.0,1,0
11328,11456,PREPARE_LOCK,1.0,1,0
11360,11488,PREPARE_LOCK,1.0,1,0
11392,11520,PREPARE_LOCK,1.0,1,0
11424,11552,PREPARE_LOCK,1.0,1,0
11456,11584,PREPARE_LOCK,1.0,1,0
11488,11616,PREPARE_LOCK,1.0,1,0
11520,11648,PREPARE_LOCK,1.0,1,0
11552,11680,PREPARE_LOCK,1.0,1,0
11584,11712,PREPARE_LOCK,1.0,1,0
11616,11744,PREPARE_LOCK,1.0,1,0
11648,11776,PREPARE_LOCK,1.0,1,0
11680,11808,PREPARE_LOCK,1.0,1,0
11712,11840,PREPARE_LOCK,1.0,1,0
11744,11872,PREPARE_LOCK,1.0,1,0
11776,11904,PREPARE_LOCK,1.0,1,0
11808,11936,PREPARE_LOCK,1.0,1,0
11840,11968,PREPARE_LOCK,1.0,1,0
11872,12000,PREPARE_LOCK,1.0,1,0
11904,12032,PREPARE_LOCK,1.0,1,0
11936,12064,PREPARE_LOCK,1.0,1,0
11968,12096,PREPARE_LOCK,1.0,1,0
12000,12128,PREPARE_LOCK,1.0,1,0
12032,12160,PREPARE_LOCK,1.0,1,0
12064,12192,PREPARE_LOCK,1.0,1,0
12096,12224,PREPARE_LOCK,1.0,1,0
12128,12256,PREPARE_LOCK,1.0,1,0
12160,12288,PREPARE_LOCK,1.0,1,0
12192,12320,PREPARE_LOCK,1.0,1,0
12224,12352,PREPARE_LOCK,1.0,1,0
12256,12384,PREPARE_LOCK,1.0,1,0
12288,12416,PREPARE_LOCK,1.0,1,0
12320,12448,PREPARE_LOCK,1.0,1,0
12352,12480,PREPARE_LOCK,1.0,1,0
12384,12512,PREPARE_LOCK,1.0,1,0
12416,12544,PREPARE_LOCK,1.0,1,0
12448,12576,PREPARE_LOCK,1.0,1,0
12480,12608,PREPARE_LOCK,1.0,1,0
12512,12640,PREPARE_LOCK,1.0,1,0
12544,12672,PREPARE_LOCK,1.0,1,0
12576,12704,PREPARE_LOCK,1.0,1,0
12608,12736,PREPARE_LOCK,1.0,1,0
12640,12768,PREPARE_LOCK,1.0,1,0
12672,12800,PREPARE_LOCK,1.0,1,0
12704,12832,PREPARE_LOCK,1.0,1,0
12736,12864,PREPARE_LOCK,1.0,1,0
12768,12896,PREPARE_LOCK,1.0,1,0
12800,12928,PREPARE_LOCK,1.0,1,0
12832,12960,PREPARE_LOCK,1.0,1,0
12864,12992,PREPARE_LOCK,1.0,1,0
12896,13024,PREPARE_LOCK,1.0,1,0
12928,13056,PREPARE_LOCK,1.0,1,0
12960,13088,PREPARE_LOCK,1.0,1,0
12992,13120,PREPARE_LOCK,1.0,1,0
13024,13152,PREPARE_LOCK,1.0,1,0
13056,13184,PREPARE_LOCK,1.0,1,0
13088,13216,PREPARE_LOCK,1.0,1,0
13120,13248,PREPARE_LOCK,1.0,1,0
13152,13280,PREPARE_LOCK,1.0,1,0
13184,13312,PREPARE_LOCK,1.0,1,0
13216,13344,PREPARE_LOCK,1.0,1,0
13248,13376,PREPARE_LOCK,1.0,1,0
13280,13408,PREPARE_LOCK,1.0,1,0
13312,13440,PREPARE_LOCK,1.0,1,0
13344,13472,PREPARE_LOCK,1.0,1,0
13376,13504,PREPARE_LOCK,1.0,1,0
13408,13536,PREPARE_LOCK,1.0,1,0
13440,13568,PREPARE_LOCK,1.0,1,0
13472,13600,PREPARE_LOCK,1.0,1,0
13504,13632,PREPARE_LOCK,1.0,1,0
13536,13664,PREPARE_LOCK,1.0,1,0
13568,13696,PREPARE_LOCK,1.0,1,0
13600,13728,PREPARE_LOCK,1.0,1,0
13632,13760,PREPARE_LOCK,1.0,1,0
13664,13792,PREPARE_LOCK,1.0,1,0
13696,13824,PREPARE_LOCK,1.0,1,0
13728,13856,PREPARE_LOCK,1.0,1,0
13760,13888,PREPARE_LOCK,1.0,1,0
13792,13920,PREPARE_LOCK,0.996875,1,0
13824,13952,PREPARE_LOCK,1.0,1,0
13856,13984,PREPARE_LOCK,1.0,1,0
13888,14016,PREPARE_LOCK,1.0,1,0
13920,14048,PREPARE_LOCK,1.0,1,0
13952,14080,PREPARE_LOCK,1.0,1,0
13984,14112,PREPARE_LOCK,1.0,1,0
14016,14144,PREPARE_LOCK,1.0,1,0
14048,14176,PREPARE_LOCK,1.0,1,0
14080,14208,PREPARE_LOCK,1.0,1,0
14112,14240,PREPARE_LOCK,1.0,1,0
14144,14272,PREPARE_LOCK,0.996875,1,0
14176,14304,PREPARE_LOCK,0.99375,1,0
14208,14336,PREPARE_LOCK,0.9782939404220773,1,0
14240,14368,PREPARE_LOCK,0.9821421188278869,1,0
14272,14400,PREPARE_LOCK,0.9566457728501396,1,0
14304,14432,PREPARE_LOCK,0.9067723947055841,1,0
14336,14464,PREPARE_LOCK,0.9515591484241366,1,0
14368,14496,PREPARE_LOCK,0.9636375542389464,1,0
14400,14528,PREPARE_LOCK,0.8734002046493592,1,0
14432,14560,PREPARE_LOCK,0.9871073910246075,1,0
14464,14592,PREPARE_LOCK,0.9766179948946346,1,0
14496,14624,PREPARE_LOCK,0.9672362393566623,1,0
14528,14656,PREPARE_LOCK,0.9850890536704415,1,0
14560,14688,PREPARE_LOCK,0.9516210673614893,1,0
14592,14720,PREPARE_LOCK,0.9533443029906083,1,0
14624,14752,PREPARE_LOCK,0.9751550854617023,1,0
14656,14784,PREPARE_LOCK,0.9813036032391617,1,0
14688,14816,PREPARE_LOCK,0.9694438905323081,1,0
14720,14848,PREPARE_LOCK,0.972568890532308,1,0
14752,14880,PREPARE_LOCK,0.997149756571622,1,0
14784,14912,PREPARE_LOCK,0.997149756571622,1,0
14816,14944,PREPARE_LOCK,0.997149756571622,1,0
14848,14976,PREPARE_LOCK,0.997149756571622,1,0
14880,15008,PREPARE_LOCK,0.997149756571622,1,0
14912,15040,PREPARE_LOCK,0.997149756571622,1,0
14944,15072,PREPARE_LOCK,0.997149756571622,1,0
14976,15104,PREPARE_LOCK,0.9760131447933403,1,0
15008,15136,PREPARE_LOCK,0.978963701212396,1,0
15040,15168,PREPARE_LOCK,0.9758387012123959,1,0
15072,15200,PREPARE_LOCK,0.978963701212396,1,0
15104,15232,PREPARE_LOCK,0.994024756571622,1,0
15136,15264,PREPARE_LOCK,1.0,1,0
15168,15296,PREPARE_LOCK,1.0,1,0
15200,15328,PREPARE_LOCK,1.0,1,0
15232,15360,PREPARE_LOCK,1.0,1,0
15264,15392,PREPARE_LOCK,1.0,1,0
15296,15424,PREPARE_LOCK,1.0,1,0
15328,15456,PREPARE_LOCK,1.0,1,0
15360,15488,PREPARE_LOCK,1.0,1,0
15392,15520,PREPARE_LOCK,1.0,1,0
15424,15552,PREPARE_LOCK,1.0,1,0
15456,15584,PREPARE_LOCK,1.0,1,0
15488,15616,PREPARE_LOCK,1.0,1,0
15520,15648,PREPARE_LOCK,1.0,1,0
15552,15680,PREPARE_LOCK,1.0,1,0
15584,15712,PREPARE_LOCK,1.0,1,0
15616,15744,PREPARE_LOCK,1.0,1,0
15648,15776,PREPARE_LOCK,1.0,1,0
15680,15808,PREPARE_LOCK,1.0,1,0
15712,15840,PREPARE_LOCK,1.0,1,0
15744,15872,PREPARE_LOCK,1.0,1,0
15776,15904,PREPARE_LOCK,1.0,1,0
15808,15936,PREPARE_LOCK,0.997149756571622,1,0
15840,15968,PREPARE_LOCK,1.0,1,0
15872,16000,PREPARE_LOCK,1.0,1,0
15904,16032,PREPARE_LOCK,1.0,1,0
15936,16064,PREPARE_LOCK,1.0,1,0
15968,16096,PREPARE_LOCK,1.0,1,0
16000,16128,PREPARE_LOCK,1.0,1,0
16032,16160,PREPARE_LOCK,1.0,1,0
16064,16192,PREPARE_LOCK,1.0,1,0
16096,16224,PREPARE_LOCK,1.0,1,0
16128,16256,PREPARE_LOCK,1.0,1,0
16160,16288,PREPARE_LOCK,1.0,1,0
16192,16320,PREPARE_LOCK,1.0,1,0
16224,16352,PREPARE_LOCK,1.0,1,0
16256,16384,PREPARE_LOCK,1.0,1,0
16288,16416,PREPARE_LOCK,1.0,1,0
16320,16448,PREPARE_LOCK,1.0,1,0
16352,16480,PREPARE_LOCK,1.0,1,0
16384,16512,PREPARE_LOCK,1.0,1,0
16416,16544,PREPARE_LOCK,1.0,1,0
16448,16576,PREPARE_LOCK,1.0,1,0
16480,16608,PREPARE_LOCK,1.0,1,0
16512,16640,PREPARE_LOCK,1.0,1,0
16544,16672,PREPARE_LOCK,1.0,1,0
16576,16704,PREPARE_LOCK,1.0,1,0
16608,16736,PREPARE_LOCK,1.0,1,0
16640,16768,PREPARE_LOCK,1.0,1,0
16672,16800,PREPARE_LOCK,1.0,1,0
16704,16832,PREPARE_LOCK,1.0,1,0
16736,16864,PREPARE_LOCK,1.0,1,0
16768,16896,PREPARE_LOCK,1.0,1,0
16800,16928,PREPARE_LOCK,1.0,1,0
16832,16960,PREPARE_LOCK,1.0,1,0
16864,16992,PREPARE_LOCK,1.0,1,0
16896,17024,PREPARE_LOCK,1.0,1,0
16928,17056,PREPARE_LOCK,1.0,1,0
16960,17088,PREPARE_LOCK,1.0,1,0
16992,17120,PREPARE_LOCK,1.0,1,0
17024,17152,PREPARE_LOCK,1.0,1,0
17056,17184,PREPARE_LOCK,1.0,1,0
17088,17216,PREPARE_LOCK,1.0,1,0
17120,17248,PREPARE_LOCK,1.0,1,0
17152,17280,PREPARE_LOCK,1.0,1,0
17184,17312,PREPARE_LOCK,1.0,1,0
17216,17344,PREPARE_LOCK,1.0,1,0
17248,17376,PREPARE_LOCK,1.0,1,0
17280,17408,PREPARE_LOCK,1.0,1,0
17312,17440,PREPARE_LOCK,1.0,1,0
17344,17472,PREPARE_LOCK,1.0,1,0
17376,17504,PREPARE_LOCK,1.0,1,0
17408,17536,PREPARE_LOCK,1.0,1,0
17440,17568,PREPARE_LOCK,1.0,1,0
17472,17600,PREPARE_LOCK,1.0,1,0
17504,17632,PREPARE_LOCK,1.0,1,0
17536,17664,PREPARE_LOCK,1.0,1,0
17568,17696,PREPARE_LOCK,1.0,1,0
17600,17728,PREPARE_LOCK,1.0,1,0
17632,17760,PREPARE_LOCK,1.0,1,0
17664,17792,PREPARE_LOCK,1.0,1,0
17696,17824,PREPARE_LOCK,0.997149756571622,1,0
17728,17856,PREPARE_LOCK,1.0,1,0
17760,17888,PREPARE_LOCK,1.0,1,0
17792,17920,PREPARE_LOCK,1.0,1,0
17824,17952,PREPARE_LOCK,1.0,1,0
17856,17984,PREPARE_LOCK,1.0,1,0
17888,18016,PREPARE_LOCK,1.0,1,0
17920,18048,PREPARE_LOCK,1.0,1,0
17952,18080,PREPARE_LOCK,1.0,1,0
17984,18112,PREPARE_LOCK,1.0,1,0
18016,18144,PREPARE_LOCK,1.0,1,0
18048,18176,PREPARE_LOCK,1.0,1,0
18080,18208,PREPARE_LOCK,1.0,1,0
18112,18240,PREPARE_LOCK,1.0,1,0
18144,18272,PREPARE_LOCK,0.997149756571622,1,0
18176,18304,PREPARE_LOCK,1.0,1,0
18208,18336,PREPARE_LOCK,1.0,1,0
18240,18368,PREPARE_LOCK,1.0,1,0
18272,18400,PREPARE_LOCK,1.0,1,0
18304,18432,PREPARE_LOCK,1.0,1,0
18336,18464,PREPARE_LOCK,1.0,1,0
18368,18496,PREPARE_LOCK,1.0,1,0
18400,18528,PREPARE_LOCK,1.0,1,0
18432,18560,PREPARE_LOCK,0.996875,1,0
18464,18592,PREPARE_LOCK,1.0,1,0
18496,18624,PREPARE_LOCK,1.0,1,0
18528,18656,PREPARE_LOCK,1.0,1,0
18560,18688,PREPARE_LOCK,1.0,1,0
18592,18720,PREPARE_LOCK,1.0,1,0
18624,18752,PREPARE_LOCK,1.0,1,0
18656,18784,PREPARE_LOCK,1.0,1,0
18688,18816,PREPARE_LOCK,1.0,1,0
18720,18848,PREPARE_LOCK,1.0,1,0
18752,18880,PREPARE_LOCK,1.0,1,0
18784,18912,PREPARE_LOCK,1.0,1,0
18816,18944,PREPARE_LOCK,1.0,1,0
18848,18976,PREPARE_LOCK,1.0,1,0
18880,19008,PREPARE_LOCK,0.9690134340480686,1,0
18912,19040,PREPARE_LOCK,0.9874925638031915,1,0
18944,19072,PREPARE_LOCK,0.9785913722107488,1,0
18976,19104,PREPARE_LOCK,0.9848413722107487,1,0
19008,19136,PREPARE_LOCK,0.9406050608388747,1,0
19040,19168,PREPARE_LOCK,0.9781975817241225,1,0
19072,19200,PREPARE_LOCK,0.697240051433809,1,0
19104,19232,PREPARE_LOCK,0.697240051433809,1,0
19136,19264,PREPARE_LOCK,0.697240051433809,1,0
19168,19296,PREPARE_LOCK,0.6888249512997718,1,0
19200,19328,PREPARE_LOCK,0.996875,1,0
19232,19360,PREPARE_LOCK,0.996875,1,0
19264,19392,PREPARE_LOCK,0.9969262629295109,1,0
19296,19424,PREPARE_LOCK,1.0,1,0
19328,19456,PREPARE_LOCK,0.9907288374125539,1,0
19360,19488,PREPARE_LOCK,0.9969275744830428,1,0
19392,19520,PREPARE_LOCK,0.9969275744830428,1,0
19424,19552,PREPARE_LOCK,0.9572243486158076,1,0
19456,19584,PREPARE_LOCK,0.9793466794938425,1,0
19488,19616,PREPARE_LOCK,0.9068734665685276,1,0
19520,19648,PREPARE_LOCK,0.9592727553990169,1,0
19552,19680,PREPARE_LOCK,0.9735886488976202,1,0
19584,19712,PREPARE_LOCK,0.9964364448263382,1,0
19616,19744,PREPARE_LOCK,0.9961327281257745,1,0
19648,19776,PREPARE_LOCK,0.996875,1,0
19680,19808,PREPARE_LOCK,1.0,1,0
19712,19840,PREPARE_LOCK,1.0,1,0
19744,19872,PREPARE_LOCK,1.0,1,0
19776,19904,PREPARE_LOCK,1.0,1,0
19808,19936,PREPARE_LOCK,1.0,1,0
19840,19968,PREPARE_LOCK,1.0,1,0
19872,20000,PREPARE_LOCK,1.0,1,0
19904,20032,PREPARE_LOCK,1.0,1,0
19936,20064,PREPARE_LOCK,1.0,1,0
19968,20096,PREPARE_LOCK,1.0,1,0
20000,20128,PREPARE_LOCK,1.0,1,0
20032,20160,PREPARE_LOCK,1.0,1,0
20064,20192,PREPARE_LOCK,1.0,1,0
20096,20224,PREPARE_LOCK,0.99375,1,0
20128,20256,PREPARE_LOCK,1.0,1,0
20160,20288,PREPARE_LOCK,0.996875,1,0
20192,20320,PREPARE_LOCK,0.99375,1,0
20224,20352,PREPARE_LOCK,1.0,1,0
20256,20384,PREPARE_LOCK,1.0,1,0
20288,20416,PREPARE_LOCK,1.0,1,0
20320,20448,PREPARE_LOCK,0.99375,1,0
20352,20480,PREPARE_LOCK,1.0,1,0
20384,20512,PREPARE_LOCK,1.0,1,0
20416,20544,PREPARE_LOCK,1.0,1,0
20448,20576,PREPARE_LOCK,1.0,1,0
20480,20608,PREPARE_LOCK,1.0,1,0
20512,20640,PREPARE_LOCK,1.0,1,0
20544,20672,PREPARE_LOCK,1.0,1,0
20576,20704,PREPARE_LOCK,1.0,1,0
20608,20736,PREPARE_LOCK,1.0,1,0
20640,20768,PREPARE_LOCK,1.0,1,0
20672,20800,PREPARE_LOCK,1.0,1,0
20704,20832,PREPARE_LOCK,1.0,1,0
20736,20864,PREPARE_LOCK,1.0,1,0
20768,20896,PREPARE_LOCK,1.0,1,0
20800,20928,PREPARE_LOCK,1.0,1,0
20832,20960,PREPARE_LOCK,1.0,1,0
20864,20992,PREPARE_LOCK,1.0,1,0
20896,21024,PREPARE_LOCK,1.0,1,0
20928,21056,PREPARE_LOCK,1.0,1,0
20960,21088,PREPARE_LOCK,1.0,1,0
20992,21120,PREPARE_LOCK,1.0,1,0
21024,21152,PREPARE_LOCK,1.0,1,0
21056,21184,PREPARE_LOCK,1.0,1,0
21088,21216,PREPARE_LOCK,1.0,1,0
21120,21248,PREPARE_LOCK,1.0,1,0
21152,21280,PREPARE_LOCK,1.0,1,0
21184,21312,PREPARE_LOCK,1.0,1,0
21216,21344,PREPARE_LOCK,1.0,1,0
21248,21376,PREPARE_LOCK,1.0,1,0
21280,21408,PREPARE_LOCK,1.0,1,0
21312,21440,PREPARE_LOCK,1.0,1,0
21344,21472,PREPARE_LOCK,1.0,1,0
21376,21504,PREPARE_LOCK,1.0,1,0
21408,21536,PREPARE_LOCK,1.0,1,0
21440,21568,PREPARE_LOCK,1.0,1,0
21472,21600,PREPARE_LOCK,1.0,1,0
21504,21632,PREPARE_LOCK,1.0,1,0
21536,21664,PREPARE_LOCK,1.0,1,0
21568,21696,PREPARE_LOCK,1.0,1,0
21600,21728,PREPARE_LOCK,1.0,1,0
21632,21760,PREPARE_LOCK,1.0,1,0
21664,21792,PREPARE_LOCK,1.0,1,0
21696,21824,PREPARE_LOCK,1.0,1,0
21728,21856,PREPARE_LOCK,1.0,1,0
21760,21888,PREPARE_LOCK,1.0,1,0
21792,21920,PREPARE_LOCK,1.0,1,0
21824,21952,PREPARE_LOCK,1.0,1,0
21856,21984,PREPARE_LOCK,1.0,1,0
21888,22016,PREPARE_LOCK,1.0,1,0
21920,22048,PREPARE_LOCK,1.0,1,0
21952,22080,PREPARE_LOCK,1.0,1,0
21984,22112,PREPARE_LOCK,1.0,1,0
22016,22144,PREPARE_LOCK,1.0,1,0
22048,22176,PREPARE_LOCK,1.0,1,0
22080,22208,PREPARE_LOCK,1.0,1,0
22112,22240,PREPARE_LOCK,1.0,1,0
22144,22272,PREPARE_LOCK,1.0,1,0
22176,22304,PREPARE_LOCK,1.0,1,0
22208,22336,PREPARE_LOCK,1.0,1,0
22240,22368,PREPARE_LOCK,1.0,1,0
22272,22400,PREPARE_LOCK,1.0,1,0
22304,22432,PREPARE_LOCK,1.0,1,0
22336,22464,PREPARE_LOCK,1.0,1,0
22368,22496,PREPARE_LOCK,1.0,1,0
22400,22528,PREPARE_LOCK,1.0,1,0
22432,22560,PREPARE_LOCK,1.0,1,0
22464,22592,PREPARE_LOCK,1.0,1,0
22496,22624,PREPARE_LOCK,1.0,1,0
22528,22656,PREPARE_LOCK,1.0,1,0
22560,22688,PREPARE_LOCK,1.0,1,0
22592,22720,PREPARE_LOCK,1.0,1,0
22624,22752,PREPARE_LOCK,1.0,1,0
22656,22784,PREPARE_LOCK,1.0,1,0
22688,22816,PREPARE_LOCK,1.0,1,0
22720,22848,PREPARE_LOCK,1.0,1,0
22752,22880,PREPARE_LOCK,1.0,1,0
22784,22912,PREPARE_LOCK,1.0,1,0
22816,22944,PREPARE_LOCK,1.0,1,0
22848,22976,PREPARE_LOCK,1.0,1,0
22880,23008,PREPARE_LOCK,1.0,1,0
22912,23040,PREPARE_LOCK,1.0,1,0
22944,23072,PREPARE_LOCK,1.0,1,0
22976,23104,PREPARE_LOCK,1.0,1,0
23008,23136,PREPARE_LOCK,1.0,1,0
23040,23168,PREPARE_LOCK,1.0,1,0
23072,23200,PREPARE_LOCK,1.0,1,0
23104,23232,PREPARE_LOCK,1.0,1,0
23136,23264,PREPARE_LOCK,1.0,1,0
23168,23296,PREPARE_LOCK,1.0,1,0
23200,23328,PREPARE_LOCK,1.0,1,0
23232,23360,PREPARE_LOCK,1.0,1,0
23264,23392,PREPARE_LOCK,1.0,1,0
23296,23424,PREPARE_LOCK,1.0,1,0
23328,23456,PREPARE_LOCK,1.0,1,0
23360,23488,PREPARE_LOCK,1.0,1,0
23392,23520,PREPARE_LOCK,1.0,1,0
23424,23552,PREPARE_LOCK,1.0,1,0
23456,23584,PREPARE_LOCK,1.0,1,0
23488,23616,PREPARE_LOCK,1.0,1,0
23520,23648,PREPARE_LOCK,1.0,1,0
23552,23680,PREPARE_LOCK,1.0,1,0
23584,23712,PREPARE_LOCK,1.0,1,0
23616,23744,PREPARE_LOCK,1.0,1,0
23648,23776,PREPARE_LOCK,1.0,1,0
23680,23808,PREPARE_LOCK,1.0,1,0
23712,23840,PREPARE_LOCK,1.0,1,0
23744,23872,PREPARE_LOCK,1.0,1,0
23776,23904,PREPARE_LOCK,1.0,1,0
23808,23936,PREPARE_LOCK,1.0,1,0
23840,23968,PREPARE_LOCK,1.0,1,0
23872,24000,PREPARE_LOCK,1.0,1,0
23904,24032,PREPARE_LOCK,1.0,1,0
23936,24064,PREPARE_LOCK,1.0,1,0
23968,24096,PREPARE_LOCK,1.0,1,0
24000,24128,PREPARE_LOCK,1.0,1,0
24032,24160,PREPARE_LOCK,1.0,1,0
24064,24192,PREPARE_LOCK,1.0,1,0
24096,24224,PREPARE_LOCK,1.0,1,0
24128,24256,PREPARE_LOCK,1.0,1,0
24160,24288,PREPARE_LOCK,1.0,1,0
24192,24320,PREPARE_LOCK,1.0,1,0
24224,24352,PREPARE_LOCK,1.0,1,0
24256,24384,PREPARE_LOCK,1.0,1,0
24288,24416,PREPARE_LOCK,1.0,1,0
24320,24448,PREPARE_LOCK,1.0,1,0
24352,24480,PREPARE_LOCK,1.0,1,0
24384,24512,PREPARE_LOCK,1.0,1,0
24416,24544,PREPARE_LOCK,1.0,1,0
24448,24576,PREPARE_LOCK,1.0,1,0
24480,24608,PREPARE_LOCK,1.0,1,0
24512,24640,PREPARE_LOCK,1.0,1,0
24544,24672,PREPARE_LOCK,1.0,1,0
24576,24704,PREPARE_LOCK,1.0,1,0
24608,24736,PREPARE_LOCK,1.0,1,0
24640,24768,PREPARE_LOCK,1.0,1,0
24672,24800,PREPARE_LOCK,1.0,1,0
24704,24832,PREPARE_LOCK,1.0,1,0
24736,24864,PREPARE_LOCK,1.0,1,0
24768,24896,PREPARE_LOCK,1.0,1,0
24800,24928,PREPARE_LOCK,1.0,1,0
24832,24960,PREPARE_LOCK,1.0,1,0
24864,24992,PREPARE_LOCK,1.0,1,0
24896,25024,PREPARE_LOCK,1.0,1,0
24928,25056,PREPARE_LOCK,1.0,1,0
24960,25088,PREPARE_LOCK,1.0,1,0
24992,25120,PREPARE_LOCK,1.0,1,0
25024,25152,PREPARE_LOCK,1.0,1,0
25056,25184,PREPARE_LOCK,1.0,1,0
25088,25216,PREPARE_LOCK,1.0,1,0
25120,25248,PREPARE_LOCK,1.0,1,0
25152,25280,PREPARE_LOCK,1.0,1,0
25184,25312,PREPARE_LOCK,1.0,1,0
25216,25344,PREPARE_LOCK,1.0,1,0
25248,25376,PREPARE_LOCK,1.0,1,0
25280,25408,PREPARE_LOCK,1.0,1,0
25312,25440,PREPARE_LOCK,1.0,1,0
25344,25472,PREPARE_LOCK,1.0,1,0
25376,25504,PREPARE_LOCK,1.0,1,0
25408,25536,PREPARE_LOCK,1.0,1,0
25440,25568,PREPARE_LOCK,1.0,1,0
25472,25600,PREPARE_LOCK,1.0,1,0
25504,25632,PREPARE_LOCK,1.0,1,0
25536,25664,PREPARE_LOCK,1.0,1,0
25568,25696,PREPARE_LOCK,1.0,1,0
25600,25728,PREPARE_LOCK,1.0,1,0
25632,25760,PREPARE_LOCK,1.0,1,0
25664,25792,PREPARE_LOCK,1.0,1,0
25696,25824,PREPARE_LOCK,1.0,1,0
25728,25856,PREPARE_LOCK,1.0,1,0
25760,25888,PREPARE_LOCK,1.0,1,0
25792,25920,PREPARE_LOCK,1.0,1,0
25824,25952,PREPARE_LOCK,1.0,1,0
25856,25984,PREPARE_LOCK,1.0,1,0
25888,26016,PREPARE_LOCK,1.0,1,0
25920,26048,PREPARE_LOCK,1.0,1,0
25952,26080,PREPARE_LOCK,1.0,1,0
25984,26112,PREPARE_LOCK,1.0,1,0
26016,26144,PREPARE_LOCK,1.0,1,0
26048,26176,PREPARE_LOCK,1.0,1,0
26080,26208,PREPARE_LOCK,1.0,1,0
26112,26240,PREPARE_LOCK,1.0,1,0
26144,26272,PREPARE_LOCK,1.0,1,0
26176,26304,PREPARE_LOCK,1.0,1,0
26208,26336,PREPARE_LOCK,1.0,1,0
26240,26368,PREPARE_LOCK,1.0,1,0
26272,26400,PREPARE_LOCK,1.0,1,0
26304,26432,PREPARE_LOCK,1.0,1,0
26336,26464,PREPARE_LOCK,1.0,1,0
26368,26496,PREPARE_LOCK,1.0,1,0
26400,26528,PREPARE_LOCK,1.0,1,0
26432,26560,PREPARE_LOCK,1.0,1,0
26464,26592,PREPARE_LOCK,1.0,1,0
26496,26624,PREPARE_LOCK,1.0,1,0
26528,26656,PREPARE_LOCK,1.0,1,0
26560,26688,PREPARE_LOCK,1.0,1,0
26592,26720,PREPARE_LOCK,1.0,1,0
26624,26752,PREPARE_LOCK,1.0,1,0
26656,26784,PREPARE_LOCK,1.0,1,0
26688,26816,PREPARE_LOCK,1.0,1,0
26720,26848,PREPARE_LOCK,1.0,1,0
26752,26880,PREPARE_LOCK,1.0,1,0
26784,26912,PREPARE_LOCK,1.0,1,0
26816,26944,PREPARE_LOCK,1.0,1,0
26848,26976,PREPARE_LOCK,1.0,1,0
26880,27008,PREPARE_LOCK,1.0,1,0
26912,27040,PREPARE_LOCK,1.0,1,0
26944,27072,PREPARE_LOCK,1.0,1,0
26976,27104,PREPARE_LOCK,1.0,1,0
27008,27136,PREPARE_LOCK,1.0,1,0
27040,27168,PREPARE_LOCK,1.0,1,0
27072,27200,PREPARE_LOCK,1.0,1,0
27104,27232,PREPARE_LOCK,1.0,1,0
27136,27264,PREPARE_LOCK,1.0,1,0
27168,27296,PREPARE_LOCK,1.0,1,0
27200,27328,PREPARE_LOCK,1.0,1,0
27232,27360,PREPARE_LOCK,1.0,1,0
27264,27392,PREPARE_LOCK,0.996875,1,0
27296,27424,PREPARE_LOCK,1.0,1,0
27328,27456,PREPARE_LOCK,1.0,1,0
27360,27488,PREPARE_LOCK,1.0,1,0
27392,27520,PREPARE_LOCK,1.0,1,0
27424,27552,PREPARE_LOCK,1.0,1,0
27456,27584,PREPARE_LOCK,1.0,1,0
27488,27616,PREPARE_LOCK,1.0,1,0
27520,27648,PREPARE_LOCK,1.0,1,0
27552,27680,PREPARE_LOCK,1.0,1,0
27584,27712,PREPARE_LOCK,1.0,1,0
27616,27744,PREPARE_LOCK,1.0,1,0
27648,27776,PREPARE_LOCK,1.0,1,0
27680,27808,PREPARE_LOCK,1.0,1,0
27712,27840,PREPARE_LOCK,1.0,1,0
27744,27872,PREPARE_LOCK,1.0,1,0
27776,27904,PREPARE_LOCK,1.0,1,0
27808,27936,PREPARE_LOCK,1.0,1,0
27840,27968,PREPARE_LOCK,1.0,1,0
27872,28000,PREPARE_LOCK,1.0,1,0
27904,28032,PREPARE_LOCK,1.0,1,0
27936,28064,PREPARE_LOCK,1.0,1,0
27968,28096,PREPARE_LOCK,1.0,1,0
28000,28128,PREPARE_LOCK,1.0,1,0
28032,28160,PREPARE_LOCK,1.0,1,0
28064,28192,PREPARE_LOCK,1.0,1,0
28096,28224,PREPARE_LOCK,1.0,1,0
28128,28256,PREPARE_LOCK,1.0,1,0
28160,28288,PREPARE_LOCK,1.0,1,0
28192,28320,PREPARE_LOCK,1.0,1,0
28224,28352,PREPARE_LOCK,1.0,1,0
28256,28384,PREPARE_LOCK,1.0,1,0
28288,28416,PREPARE_LOCK,1.0,1,0
28320,28448,PREPARE_LOCK,1.0,1,0
28352,28480,PREPARE_LOCK,1.0,1,0
28384,28512,PREPARE_LOCK,1.0,1,0
28416,28544,PREPARE_LOCK,1.0,1,0
28448,28576,PREPARE_LOCK,1.0,1,0
28480,28608,PREPARE_LOCK,1.0,1,0
28512,28640,PREPARE_LOCK,1.0,1,0
28544,28672,PREPARE_LOCK,1.0,1,0
28576,28704,PREPARE_LOCK,1.0,1,0
28608,28736,PREPARE_LOCK,1.0,1,0
28640,28768,PREPARE_LOCK,1.0,1,0
28672,28800,PREPARE_LOCK,1.0,1,0
28704,28832,PREPARE_LOCK,1.0,1,0
28736,28864,PREPARE_LOCK,1.0,1,0
28768,28896,PREPARE_LOCK,1.0,1,0
28800,28928,PREPARE_LOCK,1.0,1,0
28832,28960,PREPARE_LOCK,1.0,1,0
28864,28992,PREPARE_LOCK,0.996875,1,0
28896,29024,PREPARE_LOCK,1.0,1,0
28928,29056,PREPARE_LOCK,1.0,1,0
28960,29088,PREPARE_LOCK,1.0,1,0
28992,29120,PREPARE_LOCK,1.0,1,0
29024,29152,PREPARE_LOCK,1.0,1,0
29056,29184,PREPARE_LOCK,1.0,1,0
29088,29216,PREPARE_LOCK,1.0,1,0
29120,29248,PREPARE_LOCK,1.0,1,0
29152,29280,PREPARE_LOCK,0.996875,1,0
29184,29312,PREPARE_LOCK,1.0,1,0
29216,29344,PREPARE_LOCK,0.996875,1,0
29248,29376,PREPARE_LOCK,0.9847613221384641,1,0
29280,29408,PREPARE_LOCK,0.9816804495038065,1,0
29312,29440,PREPARE_LOCK,0.9672413226541486,1,0
29344,29472,PREPARE_LOCK,0.8975148538946014,1,0
29376,29504,PREPARE_LOCK,0.7724956427563259,1,0
29408,29536,PREPARE_LOCK,0.8973272502674365,1,0
29440,29568,PREPARE_LOCK,0.9856486517472322,1,0
29472,29600,PREPARE_LOCK,0.9950695523561685,1,0
29504,29632,PREPARE_LOCK,0.9525640306706482,1,0
29536,29664,PREPARE_LOCK,0.9607110836170463,1,0
29568,29696,PREPARE_LOCK,0.8586639217303229,1,0
29600,29728,PREPARE_LOCK,0.8720417817917243,1,0
29632,29760,PREPARE_LOCK,0.9002498798598155,1,0
29664,29792,PREPARE_LOCK,0.9120783225049574,1,0
29696,29824,PREPARE_LOCK,0.9084151994162861,1,0
29728,29856,PREPARE_LOCK,0.9529184997112214,1,0
29760,29888,PREPARE_LOCK,0.9494668867528604,1,0
29792,29920,PREPARE_LOCK,0.9195338669580231,1,0
29824,29952,PREPARE_LOCK,0.8608031923790316,1,0
29856,29984,PREPARE_LOCK,0.8188650469648919,1,0
